Target,Best Parameters,RMSE_train,RMSE_crossval,RMSE_test,MAE_test,Nash-Sutcliffe Test,Kling-Gupta Test,Train data length (months),Inference time (s),Elapsed time
GV1,"{'n_estimators': 2520, 'learning_rate': 0.03236157178748775, 'max_depth': 4, 'max_leaves': 4, 'colsample_bytree': 0.9225984728597395, 'subsample': 0.876268439266916, 'reg_alpha': 2.358513773697168, 'reg_lambda': 1.0153351013802931, 'gamma': 1.5295312459698908e-05}",0.066,0.467,0.261,0.195,0.993,0.996,43.0,20.1328,0.0
GV3,"{'n_estimators': 1011, 'learning_rate': 0.02795015916508337, 'max_depth': 9, 'max_leaves': 20, 'colsample_bytree': 0.5905685925060636, 'subsample': 0.11858906685575266, 'reg_alpha': 3.842884090673403e-05, 'reg_lambda': 1.441088310077394e-07, 'gamma': 4.275966152246567}",0.118,0.914,0.713,0.484,0.966,0.919,43.0,6.2148,0.0
GV51,"{'n_estimators': 1130, 'learning_rate': 0.03549962855782364, 'max_depth': 3, 'max_leaves': 2, 'colsample_bytree': 0.7815793699461803, 'subsample': 0.12127279445749636, 'reg_alpha': 0.20207193500116558, 'reg_lambda': 0.030350960154515196, 'gamma': 1.8076556335485348}",0.168,0.632,0.443,0.281,0.989,0.963,43.0,6.0465,0.0
MB4,"{'n_estimators': 1697, 'learning_rate': 0.0037476275787686835, 'max_depth': 8, 'max_leaves': 17, 'colsample_bytree': 0.7514799731003339, 'subsample': 0.1509637408718371, 'reg_alpha': 0.5423642208841971, 'reg_lambda': 1.298521777530576e-06, 'gamma': 0.004797885955025478}",0.552,3.262,1.128,0.886,0.934,0.955,43.0,23.5707,0.0
MB8,"{'n_estimators': 2416, 'learning_rate': 0.00011527987128232407, 'max_depth': 12, 'max_leaves': 22, 'colsample_bytree': 0.1630568734622147, 'subsample': 0.1519934830130981, 'reg_alpha': 6.8240955406304e-07, 'reg_lambda': 1.1026112761509996e-05, 'gamma': 0.0017683340776662546}",2.546,4.041,1.386,1.202,-0.175,-0.367,43.0,31.0306,0.0
MB10,"{'n_estimators': 1749, 'learning_rate': 0.07114476009343425, 'max_depth': 10, 'max_leaves': 16, 'colsample_bytree': 0.1432249371823025, 'subsample': 0.14321698289111517, 'reg_alpha': 3.809220577048033e-08, 'reg_lambda': 4.589458612326471, 'gamma': 0.010260065124896791}",0.087,1.198,1.071,0.869,0.245,0.092,43.0,23.3463,0.0
MB18,"{'n_estimators': 2001, 'learning_rate': 0.01301, 'max_depth': 9, 'max_leaves': 8, 'colsample_bytree': 0.65, 'subsample': 0.91, 'reg_alpha': 0.12, 'reg_lambda': 2.5, 'gamma': 4.68}",0.72,5.09,2.322,1.921,0.667,0.78,43.0,21.5612,0.0
,,,,,,,,,,138.8603549003601
